project_id,substation_id,substation_name,state_code,state_name,latitude,longitude,project_name,cost,length_mi,estimated_in_service_year,change_type
2,1,Gore,VA,Virginia,39.276203,-78.364642,Rebuild Gore - Stonewall 138 kV with 500 kV Overbuild,158800000,15,2028,Rebuild
2,2,Stonewall,VA,Virginia,39.272976,-78.083085,Rebuild Gore - Stonewall 138 kV with 500 kV Overbuild,158800000,15,2028,Rebuild
3,1,Elizabeth City,NC,North Carolina,36.314098,-76.226179,Rebuild Shawboro - Elizabeth City 230 kV Line,30600000,10.3,2025,Rebuild
3,2,Shawboro,NC,North Carolina,36.384856,-76.08006,Rebuild Shawboro - Elizabeth City 230 kV Line,30600000,10.3,2025,Rebuild
4,1,Hornertown,NC,North Carolina,36.44599,-77.659058,Rebuild Hornertown - Hathaway 230 kV,49100000,28.9,2026,Rebuild
4,2,Hathaway,NC,North Carolina,36.042603,-77.753244,Rebuild Hornertown - Hathaway 230 kV,49100000,28.9,2026,Rebuild
6,1,Tarboro,NC,North Carolina,35.890951,-77.538709,Tarboro to Hathaway Rebuild,39500000,17,2029,Rebuild
6,2,Hathaway,NC,North Carolina,36.042603,-77.753244,Tarboro to Hathaway Rebuild,39500000,17,2029,Rebuild
14,1,Van Dorn,VA,Virginia,38.794994,-77.149285,Edsall 230 kV Electric Transmission Project,23000000,0.8,2027,"New circuit, greenfield"
14,2,Edsall,VA,Virginia,38.802882,-77.1432,Edsall 230 kV Electric Transmission Project,23000000,0.8,2027,"New circuit, greenfield"
19,1,McCredie,MO,Missouri,38.979855,-91.980291,Grain Belt Express,11000000000,854,2028,"New circuit, greenfield"
19,2,Middle Grove,MO,Missouri,39.366191,-92.179765,Grain Belt Express,11000000000,854,2028,"New circuit, greenfield"
37,1,Garden Prairie,IL,Illinois,42.253914,-88.719351,Reconductor Garden Prairie - Silver Lake 345 kV Line,50000000,26.7,,Reconductor
37,2,Silver Lake,IL,Illinois,42.254882,-88.250976,Reconductor Garden Prairie - Silver Lake 345 kV Line,50000000,26.7,,Reconductor
38,1,Garden Prairie,IL,Illinois,42.253914,-88.719351,Reconductor Cherry Valley - Garden Prairie 345 kV Line,50000000,17,,Reconductor
38,2,Cherry Valley,IL,Illinois,42.216316,-88.975936,Reconductor Cherry Valley - Garden Prairie 345 kV Line,50000000,17,,Reconductor
41,1,Crete Energy Venture,IL,Illinois,41.43106,-87.619147,Rebuild and Reconductor ComEd Portion of Crete - St. John 345 kV,31000000,4.9,2026,Rebuild; Reconductor
46,1,Cordova Energy,IL,Illinois,41.713894,-90.27978,Reconductor Nelson - Cordova 345 kV Line,20200000,40,,Reconductor
46,2,Nelson,IL,Illinois,41.760609,-89.609152,Reconductor Nelson - Cordova 345 kV Line,20200000,40,,Reconductor
47,1,Allen,IN,Indiana,41.014331,-84.977632,Rebuild Allen - R.P. Mone 345 kV Line,49880000,18.6,2027,Rebuild
47,2,R.P. Mone,OH,Ohio,40.928519,-84.739186,Rebuild Allen - R.P. Mone 345 kV Line,49880000,18.6,2027,Rebuild
51,1,Riverside (230kV),MD,Maryland,39.237146,-76.510933,Reconductor Batavia - Riverside 230 kV Line,57300000,6,2027,Reconductor
51,2,Batavia,MD,Maryland,39.315766,-76.497537,Reconductor Batavia - Riverside 230 kV Line,57300000,6,2027,Reconductor
56,1,FirstEnergy Armstrong Power Station,PA,Pennsylvania,40.928175,-79.466052,Rebuild and reconductor Armstrong - Homer City 345 kV Line,138000000,34,2029,Rebuild; Reconductor
56,2,Homer City,PA,Pennsylvania,40.517158,-79.19325,Rebuild and reconductor Armstrong - Homer City 345 kV Line,138000000,34,2029,Rebuild; Reconductor
58,1,Monroe,PA,Pennsylvania,40.980316,-75.171483,Martins Creek - Monroe 230 kV Line,44860000,14,2028,"New circuit, existing ROW"
58,2,Martins Creek,PA,Pennsylvania,40.800382,-75.108576,Martins Creek - Monroe 230 kV Line,44860000,14,2028,"New circuit, existing ROW"
60,1,E F Barrett,NY,New York,40.618101,-73.647975,Propel NY Energy,3200000000,138kV: 10 | 345kV: 73,2030,"New circuit, greenfield"
60,2,Shore Road,NY,New York,40.833216,-73.645643,Propel NY Energy,3200000000,138kV: 10 | 345kV: 73,2030,"New circuit, greenfield"
60,3,East Garden City,NY,New York,40.730336,-73.611032,Propel NY Energy,3200000000,138kV: 10 | 345kV: 73,2030,"New circuit, greenfield"
60,4,Sprain Brook,NY,New York,40.957298,-73.856367,Propel NY Energy,3200000000,138kV: 10 | 345kV: 73,2030,"New circuit, greenfield"
60,5,Tremont,NY,New York,40.842683,-73.863338,Propel NY Energy,3200000000,138kV: 10 | 345kV: 73,2030,"New circuit, greenfield"
60,6,Syosset,NY,New York,40.826427,-73.480161,Propel NY Energy,3200000000,138kV: 10 | 345kV: 73,2030,"New circuit, greenfield"
60,7,Ruland Road,NY,New York,40.762451,-73.418108,Propel NY Energy,3200000000,138kV: 10 | 345kV: 73,2030,"New circuit, greenfield"
60,8,New Rochelle,NY,New York,40.911847,-73.774398,Propel NY Energy,3200000000,138kV: 10 | 345kV: 73,2030,"New circuit, greenfield"
80,1,East Astoria,NY,New York,40.783834,-73.903404,Champlain Hudson Power Express,6000000000,Terrestrial: 190 | Submarine: 192 | Astoria Rainey Cable (Terrestrial): 3.5,2026,"New circuit, greenfield"
80,2,Astoria Converter Station,NY,New York,40.78702,-73.900227,Champlain Hudson Power Express,6000000000,Terrestrial: 190 | Submarine: 192 | Astoria Rainey Cable (Terrestrial): 3.5,2026,"New circuit, greenfield"
91,1,Franklin,IA,Iowa,42.558252,-93.291052,MISO LRTP Tranche 1 Portfolio,11939000000,,,
91,2,Marshalltown/Twinkle,IA,Iowa,42.045786,-92.861682,MISO LRTP Tranche 1 Portfolio,11939000000,,,
91,3,Madison County,IA,Iowa,41.336205,-93.908638,MISO LRTP Tranche 1 Portfolio,11939000000,,,
91,4,Leesburg,IN,Indiana,41.336545,-85.901024,MISO LRTP Tranche 1 Portfolio,11939000000,,,
91,5,Burr Oak,IN,Indiana,41.258015,-86.422549,MISO LRTP Tranche 1 Portfolio,11939000000,,,
91,6,Reynolds,IN,Indiana,40.771721,-86.867896,MISO LRTP Tranche 1 Portfolio,11939000000,,,
99,1,Ipava,IL,Illinois,40.342689,-90.317516,Skunk River - Ipava,630000000,82,2029,"New circuit, greenfield"
107,1,Cedar Station,NJ,New Jersey,39.690256,-74.261315,Rebuild Cedar - Oyster Creek 230 kV,27000000,14,,Rebuild
107,2,Oyster Creek,NJ,New Jersey,39.813722,-74.209179,Rebuild Cedar - Oyster Creek 230 kV,27000000,14,,Rebuild
119,1,Tollway,IL,Illinois,42.063672,-88.240136,Mitigate sag limits on Wayne - Tollway 345 kV line,3000000,6,,Upgrade
120,1,Byron,IL,Illinois,42.07405,-89.286667,Reconductor Wempleton - Byron 345 kV Line,56100000,28,,Reconductor
120,2,Wempleton,IL,Illinois,42.342651,-89.192719,Reconductor Wempleton - Byron 345 kV Line,56100000,28,,Reconductor
126,1,Center 345kV Switchyard,ND,North Dakota,47.07619,-101.199282,North Plains Connector,6000000000,500 DC: 333 | 345 AC: 68,2032,"New circuit, greenfield"
126,2,Colstrip,MT,Montana,45.891128,-106.612819,North Plains Connector,6000000000,500 DC: 333 | 345 AC: 68,2032,"New circuit, greenfield"
126,3,St. Anthony,ND,North Dakota,46.457784,-100.78665,North Plains Connector,6000000000,500 DC: 333 | 345 AC: 68,2032,"New circuit, greenfield"
134,1,New Scotland,NY,New York,42.609186,-73.9042,Central East Energy Connect,615000000,93,2023,Upgrade
134,2,Edic,NY,New York,43.157566,-75.22712,Central East Energy Connect,615000000,93,2023,Upgrade
134,3,Princetown,NY,New York,42.83906,-74.100301,Central East Energy Connect,615000000,93,2023,Upgrade
134,4,Rotterdam 2,NY,New York,42.828691,-73.99751,Central East Energy Connect,615000000,93,2023,Upgrade
139,1,Benton,MN,Minnesota,45.568852,-94.038439,Northland Reliability Project,>1000000000,Segment 2b: Replace existing lines: 21 | Segment 2a: Replace existing lines: 21 | Segment 1: New double circuit 345 kV line: 132,2030,"Upgrade; New circuit, greenfield"
139,2,Sherburne County,MN,Minnesota,45.374852,-93.898066,Northland Reliability Project,>1000000000,Segment 2b: Replace existing lines: 21 | Segment 2a: Replace existing lines: 21 | Segment 1: New double circuit 345 kV line: 132,2030,"Upgrade; New circuit, greenfield"
139,3,Cuyana Series Compensation Station,MN,Minnesota,46.485752,-94.046642,Northland Reliability Project,>1000000000,Segment 2b: Replace existing lines: 21 | Segment 2a: Replace existing lines: 21 | Segment 1: New double circuit 345 kV line: 132,2030,"Upgrade; New circuit, greenfield"
139,4,Iron Range,MN,Minnesota,47.230373,-93.30343,Northland Reliability Project,>1000000000,Segment 2b: Replace existing lines: 21 | Segment 2a: Replace existing lines: 21 | Segment 1: New double circuit 345 kV line: 132,2030,"Upgrade; New circuit, greenfield"
145,1,Rainey,NY,New York,40.763225,-73.943026,Clean Path NY,5200000000,176,2027,"New circuit, greenfield"
145,2,Fraser,NY,New York,42.255531,-74.997745,Clean Path NY,5200000000,176,2027,"New circuit, greenfield"
146,1,Rainey,NY,New York,40.763225,-73.943026,Brooklyn Clean Energy Hub,810000000,,,
146,2,Farragut,NY,New York,40.705099,-73.984511,Brooklyn Clean Energy Hub,810000000,,,
146,3,Brooklyn Clean Energy Hub,NY,New York,40.705221,-73.981698,Brooklyn Clean Energy Hub,810000000,,,
152,1,Adirondack,NY,New York,43.922062,-75.319968,Smart Path (Rebuild),484000000,84,2023,Rebuild
152,2,Moses (St. Lawrence - FDR),NY,New York,45.004081,-74.804415,Smart Path (Rebuild),484000000,84,2023,Rebuild
153,1,Sherburne County,MN,Minnesota,45.374852,-93.898066,MN Energy Connection Route Options,1367000000,378,2028,"New circuit, greenfield"
153,2,Garvin,MN,Minnesota,44.230548,-95.749709,MN Energy Connection Route Options,1367000000,378,2028,"New circuit, greenfield"
163,1,Whitpain,PA,Pennsylvania,40.171544,-75.310013,Rebuild Whitpain - Buxmont 230 kV Line,12530000,17,2027,Rebuild
163,2,Buxmont,PA,Pennsylvania,40.348408,-75.341207,Rebuild Whitpain - Buxmont 230 kV Line,12530000,17,2027,Rebuild
166,1,Webster,IA,Iowa,42.566109,-94.092199,Webster - Franklin - Marshalltown - Morgan Valley,889000000,,,
166,2,Morgan Valley,IA,Iowa,41.903476,-91.811883,Webster - Franklin - Marshalltown - Morgan Valley,889000000,,,
172,1,Nelson Road,MI,Michigan,43.21083,-84.830109,LRTP-18: Oneida – Nelson Rd.,470000000,,,
172,2,Oneida,MI,Michigan,42.685617,-84.78513,LRTP-18: Oneida – Nelson Rd.,470000000,,,
181,1,Elmont,VA,Virginia,37.697796,-77.484711,Rebuild Ladysmith to Elmont 500 kV Line,118000000,26.2,2026,Rebuild
181,2,Ladysmith,VA,Virginia,38.046653,-77.550276,Rebuild Ladysmith to Elmont 500 kV Line,118000000,26.2,2026,Rebuild
182,1,Elmont,VA,Virginia,37.697796,-77.484711,Rebuild Elmont to Chickahominy 500 kV Line,214000000,27.7,2029,Rebuild
182,2,Chickahominy,VA,Virginia,37.437376,-77.158523,Rebuild Elmont to Chickahominy 500 kV Line,214000000,27.7,2029,Rebuild
198,1,Gainesville,VA,Virginia,38.790845,-77.565172,Reconductor Railroad DP - Gainesville 230 kV Line,6100000,2.2,2027,Reconductor
198,2,Railroad DP,VA,Virginia,38.777277,-77.535702,Reconductor Railroad DP - Gainesville 230 kV Line,6100000,2.2,2027,Reconductor
203,1,Mount Storm,WV,West Virginia,39.202995,-79.271577,Mt. Storm - Valley 500 kV Rebuild,476000000,64,2023,Rebuild
203,2,Valley,VA,Virginia,38.314342,-78.970811,Mt. Storm - Valley 500 kV Rebuild,476000000,64,2023,Rebuild
205,1,Ox,VA,Virginia,38.723786,-77.288517,Rebuild Occoquan - Ox 230 kV Line,4500000,1.5,2030,Reconductor
205,2,Occoquan,VA,Virginia,38.713156,-77.269064,Rebuild Occoquan - Ox 230 kV Line,4500000,1.5,2030,Reconductor
208,1,BECO,VA,Virginia,39.024558,-77.437133,Reconductor Paragon Park - BECO 230 kV Line,3360000,1,2027,Reconductor
208,2,Paragon Park,VA,Virginia,39.017166,-77.441036,Reconductor Paragon Park - BECO 230 kV Line,3360000,1,2027,Reconductor
210,1,Clark,VA,Virginia,38.907182,-77.27127,Clark - Idylwood Reconductor,8000000,4,2025,Reconductor
210,2,Idylwood,VA,Virginia,38.885642,-77.209608,Clark - Idylwood Reconductor,8000000,4,2025,Reconductor
211,1,Woodbridge,VA,Virginia,38.654745,-77.282509,Woodbridge - Occoquan Reconductor,4700000,4.6,2022,Reconductor
211,2,Occoquan,VA,Virginia,38.713156,-77.269064,Woodbridge - Occoquan Reconductor,4700000,4.6,2022,Reconductor
215,1,Suffolk,VA,Virginia,36.710322,-76.580469,Rebuild Earleys - Suffolk 230 kV Line,172500000,44.3,2028,Rebuild
215,2,Earleys,NC,North Carolina,36.256403,-77.079404,Rebuild Earleys - Suffolk 230 kV Line,172500000,44.3,2028,Rebuild
223,1,Frackville,PA,Pennsylvania,40.77744,-76.245384,Frackville-Columbia 230 kV,91900000,25.9,2029,Rebuild
223,2,Columbia,PA,Pennsylvania,41.002328,-76.506926,Frackville-Columbia 230 kV,91900000,25.9,2029,Rebuild
224,1,Stonewall,VA,Virginia,39.272976,-78.083085,Rebuild Stonewall - Millville 138 kV with 500 kV Overbuild,165230000,15,2030,Rebuild
224,2,Millville,WV,West Virginia,39.274074,-77.786859,Rebuild Stonewall - Millville 138 kV with 500 kV Overbuild,165230000,15,2030,Rebuild
226,1,Idylwood,VA,Virginia,38.885642,-77.209608,Idylwood - Tysons 230 kV Project,228000000,4.4,2023,"New circuit, greenfield"
226,2,Tysons,VA,Virginia,38.932028,-77.236891,Idylwood - Tysons 230 kV Project,228000000,4.4,2023,"New circuit, greenfield"
227,1,Tysons,VA,Virginia,38.932028,-77.236891,Tysons - Springhill 230 kV,40000000,0.6,2027,"New circuit, existing ROW"
227,2,Springhill,VA,Virginia,38.925434,-77.243738,Tysons - Springhill 230 kV,40000000,0.6,2027,"New circuit, existing ROW"
231,1,Midlothian,VA,Virginia,37.502584,-77.704052,Rebuild Midlothian - North Anna 500 kV Line,256710000,41.13,2032,Rebuild
231,2,North Anna,VA,Virginia,38.061292,-77.797216,Rebuild Midlothian - North Anna 500 kV Line,256710000,41.13,2032,Rebuild
236,1,Remington CT,VA,Virginia,38.543852,-77.769595,Reconductor Remington CT - Elk Run - Gainesville 230 kV Line,52000000,24.2,2026,Reconductor
237,1,Millville,WV,West Virginia,39.274074,-77.786859,Rebuild Millville - Doubs 138 kV with 500kV Overbuild,162110000,16,2028,Rebuild
238,1,Lanexa,VA,Virginia,37.420167,-76.91199,Rebuild Lanexa - Northern Neck 230 kV Line,128000000,41,2024,Rebuild
238,2,Dunnsville,VA,Virginia,37.852779,-76.812639,Rebuild Lanexa - Northern Neck 230 kV Line,128000000,41,2024,Rebuild
238,3,Northern Neck,VA,Virginia,37.948478,-76.71204,Rebuild Lanexa - Northern Neck 230 kV Line,128000000,41,2024,Rebuild
269,1,Sorenson,IN,Indiana,40.983448,-85.341756,Rebuild Sorenson - Desoto 345 kV Line,202400000,51.5,2028,Rebuild
269,2,Desoto,IN,Indiana,40.236771,-85.305672,Rebuild Sorenson - Desoto 345 kV Line,202400000,51.5,2028,Rebuild
272,1,Bixby,OH,Ohio,39.871308,-82.900249,Rebuild Conesville - Bixby 345 kV,154530000,70,2032,Rebuild
272,2,Conesville Station,OH,Ohio,40.183693,-81.878178,Rebuild Conesville - Bixby 345 kV,154530000,70,2032,Rebuild
272,3,Ohio Central,OH,Ohio,40.096976,-82.018483,Rebuild Conesville - Bixby 345 kV,154530000,70,2032,Rebuild
296,1,Railroad DP,VA,Virginia,38.777277,-77.535702,Reconductor Liberty - Railroad DP 230 kV Line,1500000,0.4,2026,Reconductor
297,1,Goose Creek,VA,Virginia,39.075509,-77.531464,Aspen - Goose Creek 500 kV Line,38530000,0.2,2027,"New circuit, greenfield"
297,2,Aspen,VA,Virginia,39.072354,-77.530517,Aspen - Goose Creek 500 kV Line,38530000,0.2,2027,"New circuit, greenfield"
300,1,Yardley Ridge,VA,Virginia,38.950182,-77.518635,Reconductor Cabin Run to Yardley Ridge 230 kV Line,2250000,1.5,2026,Reconductor
300,2,Cabin Run,VA,Virginia,38.957033,-77.507574,Reconductor Cabin Run to Yardley Ridge 230 kV Line,2250000,1.5,2026,Reconductor
338,1,Hemingway,ID,Idaho,43.350327,-116.663043,Boardman to Hemingway,1500000000-1700000000,294,2027,"New circuit, greenfield"
338,2,Longhorn,OR,Oregon,45.84671,-119.61741,Boardman to Hemingway,1500000000-1700000000,294,2027,"New circuit, greenfield"
344,1,Midpoint (500kV),ID,Idaho,42.834672,-114.426563,Southwest Intertie Project (SWIP) North,1230000000,281,2027,"New circuit, greenfield"
344,2,Robinson Summit,NV,Nevada,39.357269,-115.166921,Southwest Intertie Project (SWIP) North,1230000000,281,2027,"New circuit, greenfield"
347,1,Clover,UT,Utah,39.789484,-111.894695,Gateway South,2100000000,416,2024,"New circuit, greenfield"
347,2,Aeolus,WY,Wyoming,42.011795,-106.378782,Gateway South,2100000000,416,2024,"New circuit, greenfield"
348,1,Clover,UT,Utah,39.789484,-111.894695,TransCanyonCrossTie,1000000000,214,2027,"New circuit, greenfield"
348,2,Gonder,NV,Nevada,39.336551,-114.807324,TransCanyonCrossTie,1000000000,214,2027,"New circuit, greenfield"
348,3,Robinson Summit,NV,Nevada,39.357269,-115.166921,TransCanyonCrossTie,1000000000,214,2027,"New circuit, greenfield"
371,1,Hobbs,NM,New Mexico,32.731904,-103.310085,Crossroads - Hobbs - Roadrunner,291600000,135,2026,"New circuit, greenfield"
371,2,Roadrunner,NM,New Mexico,32.21183,-103.5323,Crossroads - Hobbs - Roadrunner,291600000,135,2026,"New circuit, greenfield"
371,3,Crossroads,NM,New Mexico,33.90554,-103.2734,Crossroads - Hobbs - Roadrunner,291600000,135,2026,"New circuit, greenfield"
439,1,Sub 92,IA,Iowa,41.554864,-91.223653,Beverly-Sub 92,271000000,,,
439,2,Beverly,IA,Iowa,41.90526,-91.636489,Beverly-Sub 92,271000000,,,
466,1,Merill Road,ME,Maine,44.157284,-70.182749,New England Clean Energy Connection,1600000000,142,2025,"New circuit, greenfield; New circuit, existing ROW"
472,1,Aspen,VA,Virginia,39.072354,-77.530517,Aspen - Golden 500 kV Line Options,176020000,12,2027,"New circuit, greenfield"
472,2,Golden,VA,Virginia,39.013601,-77.434602,Aspen - Golden 500 kV Line Options,176020000,12,2027,"New circuit, greenfield"
473,1,Golden,VA,Virginia,39.013601,-77.434602,Mars - Golden 500 kV Line,228040000,5,2028,"New circuit, greenfield"
473,2,Mars,VA,Virginia,38.953203,-77.49176,Mars - Golden 500 kV Line,228040000,5,2028,"New circuit, greenfield"
498,1,Fort Churchill,NV,Nevada,39.131842,-119.146921,Greenlink North,1040000000,235,2028,"New circuit, greenfield"
498,2,Robinson Summit,NV,Nevada,39.357269,-115.166921,Greenlink North,1040000000,235,2028,"New circuit, greenfield"
504,1,Finneywood,VA,Virginia,36.845146,-78.451109,Jeffress 230 kV Project,120000000,19,2027,"New circuit, greenfield"
504,2,Jeffress,VA,Virginia,36.632053,-78.520037,Jeffress 230 kV Project,120000000,19,2027,"New circuit, greenfield"
