project_id,utility,state,project_name,name_a,lat_a,lon_a,name_b,lat_b,lon_b,lat_center,lon_center,in_service_date,cost,,,
DESC_1,Dominion Energy South Carolina,SC,Stevens Creek - Hooks 115 kV / LR Plumb Branch 46 kV Rebuilds,Stevens Creek Sub,33.562599,-82.051362,Hooks Sub,,,33.562599,-82.051362,12/31/2024,,,,
DESC_2,Dominion Energy South Carolina,SC,Hooks - Thurmond 115 kV Tie: Rebuild,Hooks Sub,,,Thurmond Sub,33.660127,-82.195931,33.660127,-82.195931,12/31/2024,,,,
DESC_3,Dominion Energy South Carolina,SC,Jasper - Okatie 230 kV #2: Construct,Jasper Sub,32.35912,-81.1246,Okatie Sub,32.333758,-81.032495,32.346439,-81.0785475,12/31/2025,,,,
DESC_4,Dominion Energy South Carolina,SC,Queensboro - Ft Johnson 115 kV & Queensboro-Bayfront 115 kV (Queensboro-James Island Sect),Queensboro Sub,32.722793,-79.967332,Ft Johnson Sub,,,32.722793,-79.967332,12/31/2023,,,,
DESC_5,Dominion Energy South Carolina,SC,Okatie-Bluffton 115 kV: Rebuild,Okatie Sub,32.333758,-81.032495,Bluffton Sub,32.235027,-80.853384,32.2843925,-80.9429395,2025/6/1,,,,
GPC_1,Georgia Power,GA,EVANS PRIMARY - THURMOND DAM (USA) #5 115KV REBUILD,EVANS PRIMARY,33.543994,-82.168648,THURMOND DAM #5,33.660127,-82.195931,33.6020605,-82.1822895,6/1/2033,,,,
GPC_2,Georgia Power,GA,SAV: MCINTOSH - PURRYSBURG 230KV REACTORS,MCINTOSH,32.352116,-81.175112,PURRYSBURG,,,32.352116,-81.175112,6/1/2026,,,,
GPC_3,Georgia Power,GA,SAV: GOSHEN (SAV) - MCINTOSH 115KV LINE REBUILD,GOSHEN,32.248701,-81.209472,MCINTOSH,32.352116,-81.182105,32.3004085,-81.1957885,6/1/2027,,,,
GPC_4,Georgia Power,GA,MITCHELL - NORTH TIFTON 230KV RECONDUCTOR,Mitchell Substation,31.447121,-84.133843,North Tifton Substation,31.478089,-83.54913,31.462605,-83.8414865,2025/5/1,,,,
GPC_5,Georgia Power,GA,JESUP - LUDOWICI PRIMARY 115KV REBUILD,JESUP,31.603106,-81.924947,LUDOWICI PRIMARY,31.721597,-81.743703,31.6623515,-81.834325,6/1/2025,,,,
